<?xml version="1.0" ?>
<configuration>
    <layer>http://gisdev:6080/arcgis/rest/services/Maps/OperatoinDashboardService/MapServer/3</layer>
    <query>OBJECTID&gt;0</query>
    <titlefield></titlefield>
    <linkfield></linkfield>
    <fields all="false">
        <field name="FEEDER" alias="Feeder"/>
        <field name="PHASECODE" alias="PhaseCode"/>
        <field name="BLINKCOUNT" alias="BLINKCOUNT"/>
    </fields>
    <filterfield>
        <name>FEEDER</name>
        <alias>Filter by Feeder ID (e.g., 6 )</alias>
    </filterfield>
    <refreshrate></refreshrate>
    <zoomscale>500000</zoomscale>
    <info>widgets/InfoTemplates/InfoPopupWidget.swf</info>
</configuration>
