<?xml version="1.0" ?>
<configuration>
    <layer>http://gisdev:6080/arcgis/rest/services/Maps/OperatoinDashboardService/MapServer/0</layer>
    <query>OBJECTID&gt;0</query>
    <titlefield>ProjectID</titlefield>
    <linkfield></linkfield>
    <fields all="false">
        <field name="PD_JOBID" alias="PD_JOBID"/>       
        <field name="MEMBERNBR" alias="MEMBERNBR"/>
		<field name="MAPNUMBER" alias="MAPNUMBER"/>
    </fields>
    <filterfield>
        <name>MAPNUMBER</name>
        <alias>Filter by MAPNUMBER (e.g., 6 )</alias>
    </filterfield>
    <refreshrate></refreshrate>
    <zoomscale>500000</zoomscale>
    <info>widgets/InfoTemplates/InfoPopupWidget.swf</info>
</configuration>
